<?xml version="1.0" encoding="UTF-8"?>
<GenRun Id="synth_1" LaunchPart="xc7z010clg400-1" LaunchTime="1653421716">
  <File Type="PA-TCL" Name="Carre_24bits.tcl"/>
  <File Type="REPORTS-TCL" Name="Carre_24bits_reports.tcl"/>
  <File Type="RDS-RDS" Name="Carre_24bits.vds"/>
  <File Type="RDS-UTIL" Name="Carre_24bits_utilization_synth.rpt"/>
  <File Type="RDS-UTIL-PB" Name="Carre_24bits_utilization_synth.pb"/>
  <File Type="RDS-DCP" Name="Carre_24bits.dcp"/>
  <FileSet Name="sources" Type="DesignSrcs" RelSrcDir="$PSRCDIR/sources_1" RelGenDir="$PGENDIR/sources_1">
    <Filter Type="Srcs"/>
    <File Path="$PSRCDIR/sources_1/new/Carre_24bits.vhd">
      <FileInfo>
        <Attr Name="UsedIn" Val="synthesis"/>
        <Attr Name="UsedIn" Val="simulation"/>
      </FileInfo>
    </File>
    <File Path="$PSRCDIR/sources_1/new/Conv24to29bits.vhd">
      <FileInfo>
        <Attr Name="AutoDisabled" Val="1"/>
        <Attr Name="UsedIn" Val="synthesis"/>
        <Attr Name="UsedIn" Val="simulation"/>
      </FileInfo>
    </File>
    <File Path="$PSRCDIR/sources_1/new/Conv29to8bits.vhd">
      <FileInfo>
        <Attr Name="AutoDisabled" Val="1"/>
        <Attr Name="UsedIn" Val="synthesis"/>
        <Attr Name="UsedIn" Val="simulation"/>
      </FileInfo>
    </File>
    <File Path="$PSRCDIR/sources_1/imports/new/calcul_param_2.vhd">
      <FileInfo>
        <Attr Name="AutoDisabled" Val="1"/>
        <Attr Name="ImportPath" Val="$PPRDIR/../../pb_APP_log_seq_xpr/pb_APP_log_seq/pb_APP_log_seq.srcs/sources_1/new/calcul_param_2.vhd"/>
        <Attr Name="ImportTime" Val="1610551440"/>
        <Attr Name="UsedIn" Val="synthesis"/>
        <Attr Name="UsedIn" Val="simulation"/>
      </FileInfo>
    </File>
    <File Path="$PSRCDIR/sources_1/imports/new/calcul_param_3.vhd">
      <FileInfo>
        <Attr Name="AutoDisabled" Val="1"/>
        <Attr Name="ImportPath" Val="$PPRDIR/../../pb_APP_log_seq_xpr/pb_APP_log_seq/pb_APP_log_seq.srcs/sources_1/new/calcul_param_3.vhd"/>
        <Attr Name="ImportTime" Val="1611245551"/>
        <Attr Name="UsedIn" Val="synthesis"/>
        <Attr Name="UsedIn" Val="simulation"/>
      </FileInfo>
    </File>
    <File Path="$PSRCDIR/sources_1/imports/new/affhex_pmodssd_v3.vhd">
      <FileInfo>
        <Attr Name="AutoDisabled" Val="1"/>
        <Attr Name="ImportPath" Val="$PPRDIR/../../pb_APP_log_seq_xpr/pb_APP_log_seq/pb_APP_log_seq.srcs/sources_1/new/affhex_pmodssd_v3.vhd"/>
        <Attr Name="ImportTime" Val="1610551440"/>
        <Attr Name="UsedIn" Val="synthesis"/>
        <Attr Name="UsedIn" Val="simulation"/>
      </FileInfo>
    </File>
    <File Path="$PSRCDIR/sources_1/new/Adder_1bit.vhd">
      <FileInfo>
        <Attr Name="UserDisabled" Val="1"/>
        <Attr Name="UsedIn" Val="synthesis"/>
        <Attr Name="UsedIn" Val="simulation"/>
      </FileInfo>
    </File>
    <File Path="$PSRCDIR/sources_1/new/Adder_8bit.vhd">
      <FileInfo>
        <Attr Name="UserDisabled" Val="1"/>
        <Attr Name="UsedIn" Val="synthesis"/>
        <Attr Name="UsedIn" Val="simulation"/>
      </FileInfo>
    </File>
    <File Path="$PSRCDIR/sources_1/new/Add_24bits.vhd">
      <FileInfo>
        <Attr Name="UserDisabled" Val="1"/>
        <Attr Name="UsedIn" Val="synthesis"/>
        <Attr Name="UsedIn" Val="simulation"/>
      </FileInfo>
    </File>
    <File Path="$PSRCDIR/sources_1/imports/new/compteur_nbits.vhd">
      <FileInfo>
        <Attr Name="AutoDisabled" Val="1"/>
        <Attr Name="ImportPath" Val="$PPRDIR/../../pb_APP_log_seq_xpr/pb_APP_log_seq/pb_APP_log_seq.srcs/sources_1/new/compteur_nbits.vhd"/>
        <Attr Name="ImportTime" Val="1610551440"/>
        <Attr Name="UsedIn" Val="synthesis"/>
        <Attr Name="UsedIn" Val="simulation"/>
      </FileInfo>
    </File>
    <File Path="$PSRCDIR/sources_1/imports/new/mef_decod_i2s_v1b.vhd">
      <FileInfo>
        <Attr Name="AutoDisabled" Val="1"/>
        <Attr Name="ImportPath" Val="$PPRDIR/../../pb_APP_log_seq_xpr/pb_APP_log_seq/pb_APP_log_seq.srcs/sources_1/new/mef_decod_i2s_v1b.vhd"/>
        <Attr Name="ImportTime" Val="1610551440"/>
        <Attr Name="UsedIn" Val="synthesis"/>
        <Attr Name="UsedIn" Val="simulation"/>
      </FileInfo>
    </File>
    <File Path="$PSRCDIR/sources_1/imports/new/reg_24b.vhd">
      <FileInfo>
        <Attr Name="AutoDisabled" Val="1"/>
        <Attr Name="ImportPath" Val="$PPRDIR/../../pb_APP_log_seq_xpr/pb_APP_log_seq/pb_APP_log_seq.srcs/sources_1/new/reg_24b.vhd"/>
        <Attr Name="ImportTime" Val="1610551440"/>
        <Attr Name="UsedIn" Val="synthesis"/>
        <Attr Name="UsedIn" Val="simulation"/>
      </FileInfo>
    </File>
    <File Path="$PSRCDIR/sources_1/imports/new/reg_dec_24b.vhd">
      <FileInfo>
        <Attr Name="AutoDisabled" Val="1"/>
        <Attr Name="ImportPath" Val="$PPRDIR/../../pb_APP_log_seq_xpr/pb_APP_log_seq/pb_APP_log_seq.srcs/sources_1/new/reg_dec_24b.vhd"/>
        <Attr Name="ImportTime" Val="1610551440"/>
        <Attr Name="UsedIn" Val="synthesis"/>
        <Attr Name="UsedIn" Val="simulation"/>
      </FileInfo>
    </File>
    <File Path="$PSRCDIR/sources_1/imports/new/mef_cod_i2s_vsb.vhd">
      <FileInfo>
        <Attr Name="AutoDisabled" Val="1"/>
        <Attr Name="ImportPath" Val="$PPRDIR/../../pb_APP_log_seq_xpr/pb_APP_log_seq/pb_APP_log_seq.srcs/sources_1/new/mef_cod_i2s_vsb.vhd"/>
        <Attr Name="ImportTime" Val="1610551440"/>
        <Attr Name="UsedIn" Val="synthesis"/>
        <Attr Name="UsedIn" Val="simulation"/>
      </FileInfo>
    </File>
    <File Path="$PSRCDIR/sources_1/imports/new/mux2.vhd">
      <FileInfo>
        <Attr Name="AutoDisabled" Val="1"/>
        <Attr Name="ImportPath" Val="$PPRDIR/../../pb_APP_log_seq_xpr/pb_APP_log_seq/pb_APP_log_seq.srcs/sources_1/new/mux2.vhd"/>
        <Attr Name="ImportTime" Val="1641399651"/>
        <Attr Name="UsedIn" Val="synthesis"/>
        <Attr Name="UsedIn" Val="simulation"/>
      </FileInfo>
    </File>
    <File Path="$PSRCDIR/sources_1/imports/new/reg_dec_24b_fd.vhd">
      <FileInfo>
        <Attr Name="AutoDisabled" Val="1"/>
        <Attr Name="ImportPath" Val="$PPRDIR/../../pb_APP_log_seq_xpr/pb_APP_log_seq/pb_APP_log_seq.srcs/sources_1/new/reg_dec_24b_fd.vhd"/>
        <Attr Name="ImportTime" Val="1610551440"/>
        <Attr Name="UsedIn" Val="synthesis"/>
        <Attr Name="UsedIn" Val="simulation"/>
      </FileInfo>
    </File>
    <File Path="$PSRCDIR/sources_1/imports/new/calcul_param_1.vhd">
      <FileInfo>
        <Attr Name="AutoDisabled" Val="1"/>
        <Attr Name="ImportPath" Val="$PPRDIR/../../pb_APP_log_seq_xpr/pb_APP_log_seq/pb_APP_log_seq.srcs/sources_1/new/calcul_param_1.vhd"/>
        <Attr Name="ImportTime" Val="1610551440"/>
        <Attr Name="UsedIn" Val="synthesis"/>
        <Attr Name="UsedIn" Val="simulation"/>
      </FileInfo>
    </File>
    <File Path="$PSRCDIR/sources_1/imports/new/conditionne_btn_v7.vhd">
      <FileInfo>
        <Attr Name="AutoDisabled" Val="1"/>
        <Attr Name="ImportPath" Val="$PPRDIR/../../pb_APP_log_seq_xpr/pb_APP_log_seq/pb_APP_log_seq.srcs/sources_1/new/conditionne_btn_v7.vhd"/>
        <Attr Name="ImportTime" Val="1610551440"/>
        <Attr Name="UsedIn" Val="synthesis"/>
        <Attr Name="UsedIn" Val="simulation"/>
      </FileInfo>
    </File>
    <File Path="$PSRCDIR/sources_1/imports/new/strb_gen_v3.vhd">
      <FileInfo>
        <Attr Name="AutoDisabled" Val="1"/>
        <Attr Name="ImportPath" Val="$PPRDIR/../../pb_APP_log_seq_xpr/pb_APP_log_seq/pb_APP_log_seq.srcs/sources_1/new/strb_gen_v3.vhd"/>
        <Attr Name="ImportTime" Val="1610551440"/>
        <Attr Name="UsedIn" Val="synthesis"/>
        <Attr Name="UsedIn" Val="simulation"/>
      </FileInfo>
    </File>
    <File Path="$PSRCDIR/sources_1/imports/new/module_commande.vhd">
      <FileInfo>
        <Attr Name="AutoDisabled" Val="1"/>
        <Attr Name="ImportPath" Val="$PPRDIR/../../pb_APP_log_seq_xpr/pb_APP_log_seq/pb_APP_log_seq.srcs/sources_1/new/module_commande.vhd"/>
        <Attr Name="ImportTime" Val="1610551440"/>
        <Attr Name="UsedIn" Val="synthesis"/>
        <Attr Name="UsedIn" Val="simulation"/>
      </FileInfo>
    </File>
    <File Path="$PSRCDIR/sources_1/imports/new/mux4.vhd">
      <FileInfo>
        <Attr Name="AutoDisabled" Val="1"/>
        <Attr Name="ImportPath" Val="$PPRDIR/../../pb_APP_log_seq_xpr/pb_APP_log_seq/pb_APP_log_seq.srcs/sources_1/new/mux4.vhd"/>
        <Attr Name="ImportTime" Val="1641398328"/>
        <Attr Name="UsedIn" Val="synthesis"/>
        <Attr Name="UsedIn" Val="simulation"/>
      </FileInfo>
    </File>
    <File Path="$PSRCDIR/sources_1/imports/new/sig_fct_3.vhd">
      <FileInfo>
        <Attr Name="AutoDisabled" Val="1"/>
        <Attr Name="ImportPath" Val="$PPRDIR/../../pb_APP_log_seq_xpr/pb_APP_log_seq/pb_APP_log_seq.srcs/sources_1/new/sig_fct_3.vhd"/>
        <Attr Name="ImportTime" Val="1610551440"/>
        <Attr Name="UsedIn" Val="synthesis"/>
        <Attr Name="UsedIn" Val="simulation"/>
      </FileInfo>
    </File>
    <File Path="$PSRCDIR/sources_1/imports/new/sig_fct_sat_dure.vhd">
      <FileInfo>
        <Attr Name="AutoDisabled" Val="1"/>
        <Attr Name="ImportPath" Val="$PPRDIR/../../pb_APP_log_seq_xpr/pb_APP_log_seq/pb_APP_log_seq.srcs/sources_1/new/sig_fct_sat_dure.vhd"/>
        <Attr Name="ImportTime" Val="1637254059"/>
        <Attr Name="UsedIn" Val="synthesis"/>
        <Attr Name="UsedIn" Val="simulation"/>
      </FileInfo>
    </File>
    <File Path="$PSRCDIR/sources_1/bd/design_1/design_1.bd">
      <FileInfo>
        <Attr Name="AutoDisabled" Val="1"/>
        <Attr Name="ImportPath" Val="$PPRDIR/../../pb_APP_log_seq_xpr/pb_APP_log_seq/pb_APP_log_seq.srcs/sources_1/bd/design_1/design_1.bd"/>
        <Attr Name="ImportTime" Val="1641403593"/>
        <Attr Name="UsedIn" Val="synthesis"/>
        <Attr Name="UsedIn" Val="implementation"/>
        <Attr Name="UsedIn" Val="simulation"/>
      </FileInfo>
    </File>
    <File Path="$PSRCDIR/sources_1/imports/new/attenateur_pwm.vhd">
      <FileInfo>
        <Attr Name="AutoDisabled" Val="1"/>
        <Attr Name="ImportPath" Val="$PPRDIR/../../pb_APP_log_seq_xpr/pb_APP_log_seq/pb_APP_log_seq.srcs/sources_1/new/attenateur_pwm.vhd"/>
        <Attr Name="ImportTime" Val="1610551440"/>
        <Attr Name="UsedIn" Val="synthesis"/>
        <Attr Name="UsedIn" Val="simulation"/>
      </FileInfo>
    </File>
    <File Path="$PSRCDIR/sources_1/imports/new/ctrl_i2c_V4_codec_ssm2603.vhd">
      <FileInfo>
        <Attr Name="AutoDisabled" Val="1"/>
        <Attr Name="ImportPath" Val="$PPRDIR/../../pb_APP_log_seq_xpr/pb_APP_log_seq/pb_APP_log_seq.srcs/sources_1/new/ctrl_i2c_V4_codec_ssm2603.vhd"/>
        <Attr Name="ImportTime" Val="1610551440"/>
        <Attr Name="UsedIn" Val="synthesis"/>
        <Attr Name="UsedIn" Val="simulation"/>
      </FileInfo>
    </File>
    <File Path="$PSRCDIR/sources_1/imports/new/gen_clk_codec.vhd">
      <FileInfo>
        <Attr Name="AutoDisabled" Val="1"/>
        <Attr Name="ImportPath" Val="$PPRDIR/../../pb_APP_log_seq_xpr/pb_APP_log_seq/pb_APP_log_seq.srcs/sources_1/new/gen_clk_codec.vhd"/>
        <Attr Name="ImportTime" Val="1610551440"/>
        <Attr Name="UsedIn" Val="synthesis"/>
        <Attr Name="UsedIn" Val="simulation"/>
      </FileInfo>
    </File>
    <File Path="$PSRCDIR/sources_1/imports/new/i2c_master.vhd">
      <FileInfo>
        <Attr Name="AutoDisabled" Val="1"/>
        <Attr Name="ImportPath" Val="$PPRDIR/../../pb_APP_log_seq_xpr/pb_APP_log_seq/pb_APP_log_seq.srcs/sources_1/new/i2c_master.vhd"/>
        <Attr Name="ImportTime" Val="1610551440"/>
        <Attr Name="UsedIn" Val="synthesis"/>
        <Attr Name="UsedIn" Val="simulation"/>
      </FileInfo>
    </File>
    <File Path="$PSRCDIR/sources_1/imports/new/init_codec_v2.vhd">
      <FileInfo>
        <Attr Name="AutoDisabled" Val="1"/>
        <Attr Name="ImportPath" Val="$PPRDIR/../../pb_APP_log_seq_xpr/pb_APP_log_seq/pb_APP_log_seq.srcs/sources_1/new/init_codec_v2.vhd"/>
        <Attr Name="ImportTime" Val="1610551440"/>
        <Attr Name="UsedIn" Val="synthesis"/>
        <Attr Name="UsedIn" Val="simulation"/>
      </FileInfo>
    </File>
    <File Path="$PSRCDIR/sources_1/imports/new/synchro_codec_v1.vhd">
      <FileInfo>
        <Attr Name="AutoDisabled" Val="1"/>
        <Attr Name="ImportPath" Val="$PPRDIR/../../pb_APP_log_seq_xpr/pb_APP_log_seq/pb_APP_log_seq.srcs/sources_1/new/synchro_codec_v1.vhd"/>
        <Attr Name="ImportTime" Val="1610551440"/>
        <Attr Name="UsedIn" Val="synthesis"/>
        <Attr Name="UsedIn" Val="simulation"/>
      </FileInfo>
    </File>
    <File Path="$PSRCDIR/sources_1/imports/new/synchro_zybo_v1.vhd">
      <FileInfo>
        <Attr Name="AutoDisabled" Val="1"/>
        <Attr Name="ImportPath" Val="$PPRDIR/../../pb_APP_log_seq_xpr/pb_APP_log_seq/pb_APP_log_seq.srcs/sources_1/new/synchro_zybo_v1.vhd"/>
        <Attr Name="ImportTime" Val="1610551440"/>
        <Attr Name="UsedIn" Val="synthesis"/>
        <Attr Name="UsedIn" Val="simulation"/>
      </FileInfo>
    </File>
    <File Path="$PSRCDIR/sources_1/imports/new/circuit_tr_signal.vhd">
      <FileInfo>
        <Attr Name="AutoDisabled" Val="1"/>
        <Attr Name="ImportPath" Val="$PPRDIR/../../pb_APP_log_seq_xpr/pb_APP_log_seq/pb_APP_log_seq.srcs/sources_1/new/circuit_tr_signal.vhd"/>
        <Attr Name="ImportTime" Val="1641402145"/>
        <Attr Name="UsedIn" Val="synthesis"/>
        <Attr Name="UsedIn" Val="simulation"/>
      </FileInfo>
    </File>
    <File Path="$PSRCDIR/sources_1/imports/new/or2.vhd">
      <FileInfo>
        <Attr Name="AutoDisabled" Val="1"/>
        <Attr Name="ImportPath" Val="$PPRDIR/../../pb_APP_log_seq_xpr/pb_APP_log_seq/pb_APP_log_seq.srcs/sources_1/new/or2.vhd"/>
        <Attr Name="ImportTime" Val="1637701326"/>
        <Attr Name="UsedIn" Val="synthesis"/>
        <Attr Name="UsedIn" Val="simulation"/>
      </FileInfo>
    </File>
    <File Path="$PSRCDIR/sources_1/new/Add_48bits.vhd">
      <FileInfo>
        <Attr Name="UserDisabled" Val="1"/>
        <Attr Name="UsedIn" Val="synthesis"/>
        <Attr Name="UsedIn" Val="simulation"/>
      </FileInfo>
    </File>
    <File Path="$PSRCDIR/sources_1/new/Val_Abs24bits.vhd">
      <FileInfo>
        <Attr Name="UserDisabled" Val="1"/>
        <Attr Name="UsedIn" Val="synthesis"/>
        <Attr Name="UsedIn" Val="simulation"/>
      </FileInfo>
    </File>
    <File Path="$PSRCDIR/sources_1/new/Additionneur_M6.vhd">
      <FileInfo>
        <Attr Name="AutoDisabled" Val="1"/>
        <Attr Name="UsedIn" Val="synthesis"/>
        <Attr Name="UsedIn" Val="simulation"/>
      </FileInfo>
    </File>
    <File Path="$PSRCDIR/sources_1/new/reg_29b.vhd">
      <FileInfo>
        <Attr Name="AutoDisabled" Val="1"/>
        <Attr Name="UsedIn" Val="synthesis"/>
        <Attr Name="UsedIn" Val="simulation"/>
      </FileInfo>
    </File>
    <Config>
      <Option Name="DesignMode" Val="RTL"/>
      <Option Name="TopModule" Val="Carre_24bits"/>
      <Option Name="TopLib" Val="xil_defaultlib"/>
      <Option Name="TopArchitecture" Val="Behavioral"/>
      <Option Name="TopRTLFile" Val="$PSRCDIR/sources_1/new/Carre_24bits.vhd"/>
    </Config>
  </FileSet>
  <FileSet Name="constrs_in" Type="Constrs" RelSrcDir="$PSRCDIR/constrs_1">
    <Filter Type="Constrs"/>
    <File Path="$PSRCDIR/constrs_1/imports/new/circuit_tr_signal.xdc">
      <FileInfo>
        <Attr Name="ImportPath" Val="$PPRDIR/../../pb_APP_log_seq_xpr/pb_APP_log_seq/pb_APP_log_seq.srcs/constrs_1/new/circuit_tr_signal.xdc"/>
        <Attr Name="ImportTime" Val="1610551439"/>
        <Attr Name="UsedIn" Val="synthesis"/>
        <Attr Name="UsedIn" Val="implementation"/>
      </FileInfo>
    </File>
    <Config>
      <Option Name="ConstrsType" Val="XDC"/>
    </Config>
  </FileSet>
  <FileSet Name="utils" Type="Utils" RelSrcDir="$PSRCDIR/utils_1">
    <Filter Type="Utils"/>
    <Config>
      <Option Name="TopAutoSet" Val="TRUE"/>
    </Config>
  </FileSet>
  <Strategy Version="1" Minor="2">
    <StratHandle Name="Vivado Synthesis Defaults" Flow="Vivado Synthesis 2020"/>
    <Step Id="synth_design"/>
  </Strategy>
  <BlockFileSet Type="BlockSrcs" Name="design_1_util_vector_logic_0_0"/>
</GenRun>
